service," displayname.en"," documentation"," lob"
indemnity," Indemnity"," An indemnity",
legalCost,Legal Cost,,legal
legalExpense,Legal Expense,,legal
bailBond,Cost of bail bonds,,legal
windscreenRepair,Windscreen Repair,,motor
windscreenReplacement,Windscreen Replacement,,motor
carStorageFee,Car storage fees,,motor
towing,Towing,,
travelingCost,Traveling costs,,
courtesyCar,Courtesy car,,
carHire,Car Hire,,
alternativeTransport,Alternative Transport,,
overnightAccomodation,Overnight accomodation,,
bedAndBreakfast,BedAndBreakfast,,
,,,
,,,
,,,
,,,